run_id,sample_idx,y_true,y_pred,y_prob_0,y_prob_1
cats_vs_dogs_resnet18_pl_ideal_42,0,0,0,0.9716405272483826,0.02835952304303646
cats_vs_dogs_resnet18_pl_ideal_42,1,0,0,0.9828200340270996,0.017179936170578003
cats_vs_dogs_resnet18_pl_ideal_42,2,0,0,0.9794360399246216,0.020564004778862
cats_vs_dogs_resnet18_pl_ideal_42,3,0,0,0.9727154970169067,0.02728448621928692
cats_vs_dogs_resnet18_pl_ideal_42,4,0,0,0.973404586315155,0.026595408096909523
cats_vs_dogs_resnet18_pl_ideal_42,5,0,0,0.9683499932289124,0.031649935990571976
cats_vs_dogs_resnet18_pl_ideal_42,6,0,0,0.9824796915054321,0.017520306631922722
cats_vs_dogs_resnet18_pl_ideal_42,7,0,0,0.9783816337585449,0.021618332713842392
cats_vs_dogs_resnet18_pl_ideal_42,8,0,0,0.9658889174461365,0.03411112725734711
cats_vs_dogs_resnet18_pl_ideal_42,9,0,0,0.9788041710853577,0.021195830777287483
cats_vs_dogs_resnet18_pl_ideal_42,10,0,0,0.9820176362991333,0.01798230968415737
cats_vs_dogs_resnet18_pl_ideal_42,11,0,0,0.9655765891075134,0.034423407167196274
cats_vs_dogs_resnet18_pl_ideal_42,12,0,0,0.9798974394798279,0.02010253630578518
cats_vs_dogs_resnet18_pl_ideal_42,13,0,0,0.9824057817459106,0.017594225704669952
cats_vs_dogs_resnet18_pl_ideal_42,14,0,0,0.9782604575157166,0.02173951268196106
cats_vs_dogs_resnet18_pl_ideal_42,15,0,0,0.977573037147522,0.022426985204219818
cats_vs_dogs_resnet18_pl_ideal_42,16,0,0,0.9633626937866211,0.036637257784605026
cats_vs_dogs_resnet18_pl_ideal_42,17,0,0,0.9698221683502197,0.030177798122167587
cats_vs_dogs_resnet18_pl_ideal_42,18,0,0,0.9416731595993042,0.058326903730630875
cats_vs_dogs_resnet18_pl_ideal_42,19,0,0,0.9817303419113159,0.018269656226038933
cats_vs_dogs_resnet18_pl_ideal_42,20,0,0,0.9797035455703735,0.020296385511755943
cats_vs_dogs_resnet18_pl_ideal_42,21,0,0,0.9813418388366699,0.01865820214152336
cats_vs_dogs_resnet18_pl_ideal_42,22,0,0,0.9823305606842041,0.0176694318652153
cats_vs_dogs_resnet18_pl_ideal_42,23,0,0,0.9822721481323242,0.017727818340063095
cats_vs_dogs_resnet18_pl_ideal_42,24,0,0,0.9767380356788635,0.023262036964297295
cats_vs_dogs_resnet18_pl_ideal_42,25,0,0,0.9825592041015625,0.017440827563405037
cats_vs_dogs_resnet18_pl_ideal_42,26,0,0,0.8349164724349976,0.16508351266384125
cats_vs_dogs_resnet18_pl_ideal_42,27,0,0,0.9436699748039246,0.05632999166846275
cats_vs_dogs_resnet18_pl_ideal_42,28,0,0,0.980171799659729,0.01982823573052883
cats_vs_dogs_resnet18_pl_ideal_42,29,0,0,0.9748202562332153,0.025179773569107056
cats_vs_dogs_resnet18_pl_ideal_42,30,0,0,0.9823752045631409,0.017624786123633385
cats_vs_dogs_resnet18_pl_ideal_42,31,0,0,0.9818739891052246,0.018126018345355988
cats_vs_dogs_resnet18_pl_ideal_42,32,0,0,0.9830547571182251,0.016945188865065575
cats_vs_dogs_resnet18_pl_ideal_42,33,0,0,0.9825716018676758,0.01742834411561489
cats_vs_dogs_resnet18_pl_ideal_42,34,0,0,0.983087956905365,0.016911979764699936
cats_vs_dogs_resnet18_pl_ideal_42,35,0,0,0.9817394018173218,0.018260549753904343
cats_vs_dogs_resnet18_pl_ideal_42,36,0,0,0.9815235733985901,0.018476441502571106
cats_vs_dogs_resnet18_pl_ideal_42,37,0,0,0.9793591499328613,0.020640861243009567
cats_vs_dogs_resnet18_pl_ideal_42,38,0,0,0.963181734085083,0.036818210035562515
cats_vs_dogs_resnet18_pl_ideal_42,39,0,0,0.981960654258728,0.01803932897746563
cats_vs_dogs_resnet18_pl_ideal_42,40,0,0,0.9770804643630981,0.022919539362192154
cats_vs_dogs_resnet18_pl_ideal_42,41,0,0,0.9822815656661987,0.017718473449349403
cats_vs_dogs_resnet18_pl_ideal_42,42,0,0,0.9825573563575745,0.017442649230360985
cats_vs_dogs_resnet18_pl_ideal_42,43,0,0,0.9668323993682861,0.03316764533519745
cats_vs_dogs_resnet18_pl_ideal_42,44,0,0,0.9577407836914062,0.04225926473736763
cats_vs_dogs_resnet18_pl_ideal_42,45,0,0,0.9733496904373169,0.026650266721844673
cats_vs_dogs_resnet18_pl_ideal_42,46,0,0,0.9678259491920471,0.03217402473092079
cats_vs_dogs_resnet18_pl_ideal_42,47,0,0,0.9786125421524048,0.02138744294643402
cats_vs_dogs_resnet18_pl_ideal_42,48,0,0,0.9751926064491272,0.02480732649564743
cats_vs_dogs_resnet18_pl_ideal_42,49,0,0,0.9797027707099915,0.020297201350331306
cats_vs_dogs_resnet18_pl_ideal_42,50,0,0,0.9828185439109802,0.0171813927590847
cats_vs_dogs_resnet18_pl_ideal_42,51,0,0,0.9668470621109009,0.03315296769142151
cats_vs_dogs_resnet18_pl_ideal_42,52,0,0,0.9778709411621094,0.02212909795343876
cats_vs_dogs_resnet18_pl_ideal_42,53,0,0,0.9108949303627014,0.08910508453845978
cats_vs_dogs_resnet18_pl_ideal_42,54,0,0,0.9780083298683167,0.02199169620871544
cats_vs_dogs_resnet18_pl_ideal_42,55,0,0,0.9780365824699402,0.021963464096188545
cats_vs_dogs_resnet18_pl_ideal_42,56,0,0,0.9819939732551575,0.018006013706326485
cats_vs_dogs_resnet18_pl_ideal_42,57,0,0,0.9718198180198669,0.028180204331874847
cats_vs_dogs_resnet18_pl_ideal_42,58,0,0,0.9708795547485352,0.02912045642733574
cats_vs_dogs_resnet18_pl_ideal_42,59,0,0,0.9791104197502136,0.020889589563012123
cats_vs_dogs_resnet18_pl_ideal_42,60,0,0,0.9789168834686279,0.021083079278469086
cats_vs_dogs_resnet18_pl_ideal_42,61,0,0,0.9677638411521912,0.03223615884780884
cats_vs_dogs_resnet18_pl_ideal_42,62,0,0,0.9806133508682251,0.019386576488614082
cats_vs_dogs_resnet18_pl_ideal_42,63,0,0,0.7741766571998596,0.22582341730594635
cats_vs_dogs_resnet18_pl_ideal_42,64,0,0,0.9652919173240662,0.034708064049482346
cats_vs_dogs_resnet18_pl_ideal_42,65,0,0,0.9823824763298035,0.017617521807551384
cats_vs_dogs_resnet18_pl_ideal_42,66,0,0,0.9815892577171326,0.01841069757938385
cats_vs_dogs_resnet18_pl_ideal_42,67,0,0,0.9736140370368958,0.02638593502342701
cats_vs_dogs_resnet18_pl_ideal_42,68,0,0,0.9763210415840149,0.02367890626192093
cats_vs_dogs_resnet18_pl_ideal_42,69,0,0,0.9800634384155273,0.019936542958021164
cats_vs_dogs_resnet18_pl_ideal_42,70,0,0,0.9800437688827515,0.019956305623054504
cats_vs_dogs_resnet18_pl_ideal_42,71,0,0,0.9828492999076843,0.017150679603219032
cats_vs_dogs_resnet18_pl_ideal_42,72,0,0,0.9719946384429932,0.028005419299006462
cats_vs_dogs_resnet18_pl_ideal_42,73,0,0,0.9823702573776245,0.01762974075973034
cats_vs_dogs_resnet18_pl_ideal_42,74,0,0,0.9825388193130493,0.017461124807596207
cats_vs_dogs_resnet18_pl_ideal_42,75,0,0,0.9478018879890442,0.052198052406311035
cats_vs_dogs_resnet18_pl_ideal_42,76,0,0,0.9752853512763977,0.024714624509215355
cats_vs_dogs_resnet18_pl_ideal_42,77,0,0,0.9797963500022888,0.02020365558564663
cats_vs_dogs_resnet18_pl_ideal_42,78,0,0,0.8124750256538391,0.1875249594449997
cats_vs_dogs_resnet18_pl_ideal_42,79,0,0,0.9809173345565796,0.01908259466290474
cats_vs_dogs_resnet18_pl_ideal_42,80,0,0,0.9792622327804565,0.020737772807478905
cats_vs_dogs_resnet18_pl_ideal_42,81,0,0,0.8801319599151611,0.11986805498600006
cats_vs_dogs_resnet18_pl_ideal_42,82,0,0,0.9751940965652466,0.024805869907140732
cats_vs_dogs_resnet18_pl_ideal_42,83,0,0,0.9825636744499207,0.01743626594543457
cats_vs_dogs_resnet18_pl_ideal_42,84,0,0,0.9718630909919739,0.028136907145380974
cats_vs_dogs_resnet18_pl_ideal_42,85,0,0,0.9807919859886169,0.01920798420906067
cats_vs_dogs_resnet18_pl_ideal_42,86,0,0,0.9682223796844482,0.03177759423851967
cats_vs_dogs_resnet18_pl_ideal_42,87,0,0,0.9796282052993774,0.020371826365590096
cats_vs_dogs_resnet18_pl_ideal_42,88,0,0,0.9830856323242188,0.016914358362555504
cats_vs_dogs_resnet18_pl_ideal_42,89,0,0,0.9705067276954651,0.029493285343050957
cats_vs_dogs_resnet18_pl_ideal_42,90,0,0,0.9824291467666626,0.01757078990340233
cats_vs_dogs_resnet18_pl_ideal_42,91,0,0,0.9617679119110107,0.038232047110795975
cats_vs_dogs_resnet18_pl_ideal_42,92,0,0,0.9796279668807983,0.020372096449136734
cats_vs_dogs_resnet18_pl_ideal_42,93,0,0,0.979915201663971,0.020084772258996964
cats_vs_dogs_resnet18_pl_ideal_42,94,0,0,0.9804581999778748,0.019541779533028603
cats_vs_dogs_resnet18_pl_ideal_42,95,0,0,0.9412407875061035,0.05875925347208977
cats_vs_dogs_resnet18_pl_ideal_42,96,0,0,0.9826400876045227,0.01735992729663849
cats_vs_dogs_resnet18_pl_ideal_42,97,0,0,0.9821282625198364,0.017871741205453873
cats_vs_dogs_resnet18_pl_ideal_42,98,0,0,0.9824434518814087,0.017556531354784966
cats_vs_dogs_resnet18_pl_ideal_42,99,0,0,0.9693633913993835,0.030636608600616455
cats_vs_dogs_resnet18_pl_ideal_42,100,0,0,0.9826734066009521,0.017326591536402702
cats_vs_dogs_resnet18_pl_ideal_42,101,0,0,0.9729596376419067,0.02704034559428692
cats_vs_dogs_resnet18_pl_ideal_42,102,0,0,0.9823801517486572,0.017619824036955833
cats_vs_dogs_resnet18_pl_ideal_42,103,0,0,0.9822472929954529,0.01775268092751503
cats_vs_dogs_resnet18_pl_ideal_42,104,0,0,0.9774873852729797,0.022512588649988174
cats_vs_dogs_resnet18_pl_ideal_42,105,0,0,0.9789288640022278,0.021071085706353188
cats_vs_dogs_resnet18_pl_ideal_42,106,0,0,0.9820739030838013,0.017926150932908058
cats_vs_dogs_resnet18_pl_ideal_42,107,0,0,0.9568083882331848,0.04319163039326668
cats_vs_dogs_resnet18_pl_ideal_42,108,0,0,0.9817279577255249,0.018272079527378082
cats_vs_dogs_resnet18_pl_ideal_42,109,0,0,0.981356143951416,0.01864384301006794
cats_vs_dogs_resnet18_pl_ideal_42,110,0,0,0.9676046371459961,0.0323953740298748
cats_vs_dogs_resnet18_pl_ideal_42,111,0,0,0.981465220451355,0.01853472739458084
cats_vs_dogs_resnet18_pl_ideal_42,112,0,0,0.9787190556526184,0.021280914545059204
cats_vs_dogs_resnet18_pl_ideal_42,113,0,0,0.9751326441764832,0.024867285043001175
cats_vs_dogs_resnet18_pl_ideal_42,114,0,0,0.9798967242240906,0.020103249698877335
cats_vs_dogs_resnet18_pl_ideal_42,115,0,0,0.9827502965927124,0.01724976859986782
cats_vs_dogs_resnet18_pl_ideal_42,116,0,0,0.9807538986206055,0.01924608275294304
cats_vs_dogs_resnet18_pl_ideal_42,117,0,0,0.9791410565376282,0.020858898758888245
cats_vs_dogs_resnet18_pl_ideal_42,118,0,0,0.9762297868728638,0.02377019077539444
cats_vs_dogs_resnet18_pl_ideal_42,119,0,0,0.9829293489456177,0.01707066223025322
cats_vs_dogs_resnet18_pl_ideal_42,120,0,0,0.9745331406593323,0.025466784834861755
cats_vs_dogs_resnet18_pl_ideal_42,121,0,0,0.982887327671051,0.01711266115307808
cats_vs_dogs_resnet18_pl_ideal_42,122,0,0,0.9824183583259583,0.017581677064299583
cats_vs_dogs_resnet18_pl_ideal_42,123,0,0,0.9728936553001404,0.027106361463665962
cats_vs_dogs_resnet18_pl_ideal_42,124,0,0,0.9827091693878174,0.017290856689214706
cats_vs_dogs_resnet18_pl_ideal_42,125,0,0,0.9831682443618774,0.01683172956109047
cats_vs_dogs_resnet18_pl_ideal_42,126,0,0,0.9780452251434326,0.02195475436747074
cats_vs_dogs_resnet18_pl_ideal_42,127,0,0,0.9823792576789856,0.017620742321014404
cats_vs_dogs_resnet18_pl_ideal_42,128,0,0,0.983007550239563,0.016992421820759773
cats_vs_dogs_resnet18_pl_ideal_42,129,0,0,0.9728381037712097,0.02716183289885521
cats_vs_dogs_resnet18_pl_ideal_42,130,0,0,0.979841947555542,0.0201580673456192
cats_vs_dogs_resnet18_pl_ideal_42,131,0,0,0.979109525680542,0.02089044637978077
cats_vs_dogs_resnet18_pl_ideal_42,132,0,0,0.9794253706932068,0.020574666559696198
cats_vs_dogs_resnet18_pl_ideal_42,133,0,0,0.9651596546173096,0.03484036773443222
cats_vs_dogs_resnet18_pl_ideal_42,134,0,0,0.9814903736114502,0.01850958913564682
cats_vs_dogs_resnet18_pl_ideal_42,135,0,0,0.9748049378395081,0.025195056572556496
cats_vs_dogs_resnet18_pl_ideal_42,136,0,0,0.944431722164154,0.05556824058294296
cats_vs_dogs_resnet18_pl_ideal_42,137,0,0,0.9442260265350342,0.055774006992578506
cats_vs_dogs_resnet18_pl_ideal_42,138,0,0,0.9815000295639038,0.018499916419386864
cats_vs_dogs_resnet18_pl_ideal_42,139,0,0,0.9817852973937988,0.01821468584239483
cats_vs_dogs_resnet18_pl_ideal_42,140,0,0,0.9813079237937927,0.018692098557949066
cats_vs_dogs_resnet18_pl_ideal_42,141,0,0,0.9748497009277344,0.025150269269943237
cats_vs_dogs_resnet18_pl_ideal_42,142,0,0,0.9823933839797974,0.01760660670697689
cats_vs_dogs_resnet18_pl_ideal_42,143,0,0,0.9829748272895813,0.017025180160999298
cats_vs_dogs_resnet18_pl_ideal_42,144,0,0,0.9661376476287842,0.03386231139302254
cats_vs_dogs_resnet18_pl_ideal_42,145,0,0,0.9728353023529053,0.027164669707417488
cats_vs_dogs_resnet18_pl_ideal_42,146,0,0,0.9559235572814941,0.04407645761966705
cats_vs_dogs_resnet18_pl_ideal_42,147,0,0,0.9458674192428589,0.054132524877786636
cats_vs_dogs_resnet18_pl_ideal_42,148,0,0,0.940994143486023,0.059005897492170334
cats_vs_dogs_resnet18_pl_ideal_42,149,0,0,0.9768995642662048,0.023100508376955986
cats_vs_dogs_resnet18_pl_ideal_42,150,0,0,0.9774812459945679,0.022518793120980263
cats_vs_dogs_resnet18_pl_ideal_42,151,0,0,0.9824999570846558,0.017500093206763268
cats_vs_dogs_resnet18_pl_ideal_42,152,0,0,0.9488129615783691,0.05118703469634056
cats_vs_dogs_resnet18_pl_ideal_42,153,0,0,0.9819773435592651,0.01802263781428337
cats_vs_dogs_resnet18_pl_ideal_42,154,0,0,0.9820370078086853,0.017963064834475517
cats_vs_dogs_resnet18_pl_ideal_42,155,0,0,0.9798080325126648,0.020191915333271027
cats_vs_dogs_resnet18_pl_ideal_42,156,0,0,0.9827836751937866,0.017216326668858528
cats_vs_dogs_resnet18_pl_ideal_42,157,0,0,0.9391262531280518,0.060873765498399734
cats_vs_dogs_resnet18_pl_ideal_42,158,0,0,0.976200520992279,0.023799531161785126
cats_vs_dogs_resnet18_pl_ideal_42,159,0,0,0.9646971225738525,0.035302795469760895
cats_vs_dogs_resnet18_pl_ideal_42,160,0,0,0.9828954935073853,0.017104491591453552
cats_vs_dogs_resnet18_pl_ideal_42,161,0,0,0.9811146855354309,0.018885336816310883
cats_vs_dogs_resnet18_pl_ideal_42,162,0,0,0.9828456044197083,0.017154401168227196
cats_vs_dogs_resnet18_pl_ideal_42,163,0,0,0.8286378383636475,0.17136222124099731
cats_vs_dogs_resnet18_pl_ideal_42,164,0,0,0.9806147217750549,0.019385207444429398
cats_vs_dogs_resnet18_pl_ideal_42,165,0,0,0.9814748764038086,0.018525119870901108
cats_vs_dogs_resnet18_pl_ideal_42,166,0,0,0.9646000862121582,0.0353998988866806
cats_vs_dogs_resnet18_pl_ideal_42,167,0,0,0.9818469882011414,0.01815304346382618
cats_vs_dogs_resnet18_pl_ideal_42,168,0,0,0.9630393385887146,0.036960672587156296
cats_vs_dogs_resnet18_pl_ideal_42,169,0,0,0.9819554686546326,0.01804450899362564
cats_vs_dogs_resnet18_pl_ideal_42,170,0,0,0.9778665900230408,0.022133374586701393
cats_vs_dogs_resnet18_pl_ideal_42,171,0,1,0.13033980131149292,0.8696601390838623
cats_vs_dogs_resnet18_pl_ideal_42,172,0,0,0.9722071886062622,0.02779277414083481
cats_vs_dogs_resnet18_pl_ideal_42,173,0,0,0.9601679444313049,0.03983202576637268
cats_vs_dogs_resnet18_pl_ideal_42,174,0,0,0.98248690366745,0.01751311868429184
cats_vs_dogs_resnet18_pl_ideal_42,175,0,0,0.9628294110298157,0.03717061132192612
cats_vs_dogs_resnet18_pl_ideal_42,176,0,0,0.9758054614067078,0.024194613099098206
cats_vs_dogs_resnet18_pl_ideal_42,177,0,0,0.9805006980895996,0.019499341025948524
cats_vs_dogs_resnet18_pl_ideal_42,178,0,0,0.975751519203186,0.024248428642749786
cats_vs_dogs_resnet18_pl_ideal_42,179,0,0,0.8902243375778198,0.10977565497159958
cats_vs_dogs_resnet18_pl_ideal_42,180,0,0,0.9734645485877991,0.026535483077168465
cats_vs_dogs_resnet18_pl_ideal_42,181,0,0,0.9828376770019531,0.017162330448627472
cats_vs_dogs_resnet18_pl_ideal_42,182,0,0,0.9798934459686279,0.020106589421629906
cats_vs_dogs_resnet18_pl_ideal_42,183,0,0,0.9793883562088013,0.020611712709069252
cats_vs_dogs_resnet18_pl_ideal_42,184,0,0,0.9769719243049622,0.023028090596199036
cats_vs_dogs_resnet18_pl_ideal_42,185,0,0,0.9819982647895813,0.01800171285867691
cats_vs_dogs_resnet18_pl_ideal_42,186,0,0,0.9830931425094604,0.016906891018152237
cats_vs_dogs_resnet18_pl_ideal_42,187,0,0,0.9830107688903809,0.016989195719361305
cats_vs_dogs_resnet18_pl_ideal_42,188,0,0,0.9828426241874695,0.017157400026917458
cats_vs_dogs_resnet18_pl_ideal_42,189,0,0,0.9746107459068298,0.02538924664258957
cats_vs_dogs_resnet18_pl_ideal_42,190,0,0,0.9643176794052124,0.035682376474142075
cats_vs_dogs_resnet18_pl_ideal_42,191,0,0,0.8676400780677795,0.13235989212989807
cats_vs_dogs_resnet18_pl_ideal_42,192,0,0,0.9762450456619263,0.023754922673106194
cats_vs_dogs_resnet18_pl_ideal_42,193,0,0,0.9803231954574585,0.019676847383379936
cats_vs_dogs_resnet18_pl_ideal_42,194,0,0,0.9645926356315613,0.03540734201669693
cats_vs_dogs_resnet18_pl_ideal_42,195,0,0,0.9735308885574341,0.02646915428340435
cats_vs_dogs_resnet18_pl_ideal_42,196,0,0,0.9790236949920654,0.020976321771740913
cats_vs_dogs_resnet18_pl_ideal_42,197,0,0,0.9800793528556824,0.01992066577076912
cats_vs_dogs_resnet18_pl_ideal_42,198,0,0,0.9704653024673462,0.029534710571169853
cats_vs_dogs_resnet18_pl_ideal_42,199,0,0,0.9713231325149536,0.028676817193627357
cats_vs_dogs_resnet18_pl_ideal_42,200,0,0,0.9774324893951416,0.02256757766008377
cats_vs_dogs_resnet18_pl_ideal_42,201,0,0,0.9691609144210815,0.03083907440304756
cats_vs_dogs_resnet18_pl_ideal_42,202,0,0,0.9823846220970154,0.01761537790298462
cats_vs_dogs_resnet18_pl_ideal_42,203,0,0,0.9391645193099976,0.060835521668195724
cats_vs_dogs_resnet18_pl_ideal_42,204,0,0,0.9646983742713928,0.03530162200331688
cats_vs_dogs_resnet18_pl_ideal_42,205,0,0,0.9241164326667786,0.07588353753089905
cats_vs_dogs_resnet18_pl_ideal_42,206,0,0,0.9742713570594788,0.025728601962327957
cats_vs_dogs_resnet18_pl_ideal_42,207,0,0,0.9795635342597961,0.020436447113752365
cats_vs_dogs_resnet18_pl_ideal_42,208,0,0,0.9647749066352844,0.035225119441747665
cats_vs_dogs_resnet18_pl_ideal_42,209,0,0,0.9804316163063049,0.01956840045750141
cats_vs_dogs_resnet18_pl_ideal_42,210,0,0,0.9653810262680054,0.03461901471018791
cats_vs_dogs_resnet18_pl_ideal_42,211,0,0,0.9717579483985901,0.028242060914635658
cats_vs_dogs_resnet18_pl_ideal_42,212,0,0,0.9826734066009521,0.017326591536402702
cats_vs_dogs_resnet18_pl_ideal_42,213,0,0,0.7991823554039001,0.20081767439842224
cats_vs_dogs_resnet18_pl_ideal_42,214,0,0,0.9692006707191467,0.03079938516020775
cats_vs_dogs_resnet18_pl_ideal_42,215,0,0,0.9811376333236694,0.018862316384911537
cats_vs_dogs_resnet18_pl_ideal_42,216,0,0,0.9821009039878845,0.017899146303534508
cats_vs_dogs_resnet18_pl_ideal_42,217,0,0,0.9663476943969727,0.033652327954769135
cats_vs_dogs_resnet18_pl_ideal_42,218,0,0,0.9831052422523499,0.016894737258553505
cats_vs_dogs_resnet18_pl_ideal_42,219,0,0,0.9707604646682739,0.029239583760499954
cats_vs_dogs_resnet18_pl_ideal_42,220,0,0,0.7762480974197388,0.22375188767910004
cats_vs_dogs_resnet18_pl_ideal_42,221,0,0,0.9823790192604065,0.017621023580431938
cats_vs_dogs_resnet18_pl_ideal_42,222,0,0,0.9807049632072449,0.019295034930109978
cats_vs_dogs_resnet18_pl_ideal_42,223,0,0,0.9819798469543457,0.018020199611783028
cats_vs_dogs_resnet18_pl_ideal_42,224,0,0,0.9818723797798157,0.018127666786313057
cats_vs_dogs_resnet18_pl_ideal_42,225,0,0,0.9825863838195801,0.01741361990571022
cats_vs_dogs_resnet18_pl_ideal_42,226,0,0,0.9769803285598755,0.023019691929221153
cats_vs_dogs_resnet18_pl_ideal_42,227,0,0,0.9828758835792542,0.017124060541391373
cats_vs_dogs_resnet18_pl_ideal_42,228,0,0,0.9668251276016235,0.03317489102482796
cats_vs_dogs_resnet18_pl_ideal_42,229,0,0,0.9680368900299072,0.03196310997009277
cats_vs_dogs_resnet18_pl_ideal_42,230,0,0,0.8931506276130676,0.10684940218925476
cats_vs_dogs_resnet18_pl_ideal_42,231,0,0,0.9675760865211487,0.03242386877536774
cats_vs_dogs_resnet18_pl_ideal_42,232,0,0,0.9759659767150879,0.024034015834331512
cats_vs_dogs_resnet18_pl_ideal_42,233,0,0,0.982254683971405,0.01774529740214348
cats_vs_dogs_resnet18_pl_ideal_42,234,0,0,0.9778932929039001,0.022106733173131943
cats_vs_dogs_resnet18_pl_ideal_42,235,0,0,0.9812774062156677,0.018722567707300186
cats_vs_dogs_resnet18_pl_ideal_42,236,0,0,0.9781376123428345,0.021862395107746124
cats_vs_dogs_resnet18_pl_ideal_42,237,0,0,0.9803747534751892,0.019625209271907806
cats_vs_dogs_resnet18_pl_ideal_42,238,0,0,0.9730671048164368,0.02693287655711174
cats_vs_dogs_resnet18_pl_ideal_42,239,0,0,0.7267842888832092,0.27321571111679077
cats_vs_dogs_resnet18_pl_ideal_42,240,0,0,0.9801517128944397,0.019848214462399483
cats_vs_dogs_resnet18_pl_ideal_42,241,0,0,0.9805425405502319,0.019457466900348663
cats_vs_dogs_resnet18_pl_ideal_42,242,0,0,0.9800341129302979,0.019965894520282745
cats_vs_dogs_resnet18_pl_ideal_42,243,0,0,0.9829353094100952,0.01706467755138874
cats_vs_dogs_resnet18_pl_ideal_42,244,0,0,0.980414628982544,0.01958531327545643
cats_vs_dogs_resnet18_pl_ideal_42,245,0,0,0.9136838316917419,0.08631622046232224
cats_vs_dogs_resnet18_pl_ideal_42,246,0,0,0.9820411205291748,0.01795886643230915
cats_vs_dogs_resnet18_pl_ideal_42,247,0,0,0.9735408425331116,0.02645917795598507
cats_vs_dogs_resnet18_pl_ideal_42,248,0,0,0.9822044968605042,0.017795486375689507
cats_vs_dogs_resnet18_pl_ideal_42,249,0,0,0.9813856482505798,0.0186142735183239
cats_vs_dogs_resnet18_pl_ideal_42,250,0,0,0.9821996688842773,0.017800286412239075
cats_vs_dogs_resnet18_pl_ideal_42,251,0,0,0.9829892516136169,0.017010726034641266
cats_vs_dogs_resnet18_pl_ideal_42,252,0,0,0.9804820418357849,0.019517965614795685
cats_vs_dogs_resnet18_pl_ideal_42,253,0,0,0.9818648099899292,0.018135178834199905
cats_vs_dogs_resnet18_pl_ideal_42,254,0,0,0.9830407500267029,0.016959279775619507
cats_vs_dogs_resnet18_pl_ideal_42,255,0,0,0.9812374711036682,0.0187624953687191
cats_vs_dogs_resnet18_pl_ideal_42,256,0,0,0.9718219637870789,0.028177961707115173
cats_vs_dogs_resnet18_pl_ideal_42,257,0,0,0.9818500876426697,0.018149888142943382
cats_vs_dogs_resnet18_pl_ideal_42,258,0,0,0.9803845882415771,0.019615422934293747
cats_vs_dogs_resnet18_pl_ideal_42,259,0,0,0.9710628390312195,0.028937123715877533
cats_vs_dogs_resnet18_pl_ideal_42,260,0,0,0.9745893478393555,0.025410695001482964
cats_vs_dogs_resnet18_pl_ideal_42,261,0,0,0.9817502498626709,0.018249792978167534
cats_vs_dogs_resnet18_pl_ideal_42,262,0,0,0.8575928807258606,0.14240719377994537
cats_vs_dogs_resnet18_pl_ideal_42,263,0,0,0.9811267256736755,0.018873291090130806
cats_vs_dogs_resnet18_pl_ideal_42,264,0,0,0.9824467897415161,0.01755320280790329
cats_vs_dogs_resnet18_pl_ideal_42,265,0,0,0.9521307349205017,0.047869257628917694
cats_vs_dogs_resnet18_pl_ideal_42,266,0,0,0.982849657535553,0.01715031825006008
cats_vs_dogs_resnet18_pl_ideal_42,267,0,0,0.9688650369644165,0.03113500028848648
cats_vs_dogs_resnet18_pl_ideal_42,268,0,0,0.9781321287155151,0.021867798641324043
cats_vs_dogs_resnet18_pl_ideal_42,269,0,0,0.9015925526618958,0.09840747714042664
cats_vs_dogs_resnet18_pl_ideal_42,270,0,0,0.8883017897605896,0.11169818043708801
cats_vs_dogs_resnet18_pl_ideal_42,271,0,0,0.9719437956809998,0.028056208044290543
cats_vs_dogs_resnet18_pl_ideal_42,272,0,0,0.9731464385986328,0.02685355767607689
cats_vs_dogs_resnet18_pl_ideal_42,273,0,0,0.9733672142028809,0.026632845401763916
cats_vs_dogs_resnet18_pl_ideal_42,274,0,0,0.9821441173553467,0.017855843529105186
cats_vs_dogs_resnet18_pl_ideal_42,275,0,0,0.9785633683204651,0.0214366614818573
cats_vs_dogs_resnet18_pl_ideal_42,276,0,0,0.9827786087989807,0.017221394926309586
cats_vs_dogs_resnet18_pl_ideal_42,277,0,0,0.98195880651474,0.018041187897324562
cats_vs_dogs_resnet18_pl_ideal_42,278,0,0,0.9657688140869141,0.03423124924302101
cats_vs_dogs_resnet18_pl_ideal_42,279,0,0,0.9200193881988525,0.07998064905405045
cats_vs_dogs_resnet18_pl_ideal_42,280,0,0,0.9702721238136292,0.029727892950177193
cats_vs_dogs_resnet18_pl_ideal_42,281,0,0,0.9751704335212708,0.024829579517245293
cats_vs_dogs_resnet18_pl_ideal_42,282,0,0,0.9826340079307556,0.017365962266921997
cats_vs_dogs_resnet18_pl_ideal_42,283,0,0,0.9715015888214111,0.02849845215678215
cats_vs_dogs_resnet18_pl_ideal_42,284,0,0,0.9681034684181213,0.03189655393362045
cats_vs_dogs_resnet18_pl_ideal_42,285,0,0,0.9782921671867371,0.02170783281326294
cats_vs_dogs_resnet18_pl_ideal_42,286,0,0,0.9786096811294556,0.02139032818377018
cats_vs_dogs_resnet18_pl_ideal_42,287,0,0,0.97556471824646,0.02443530037999153
cats_vs_dogs_resnet18_pl_ideal_42,288,0,0,0.9815438985824585,0.018456121906638145
cats_vs_dogs_resnet18_pl_ideal_42,289,0,0,0.9668298363685608,0.03317023813724518
cats_vs_dogs_resnet18_pl_ideal_42,290,0,0,0.9708636999130249,0.02913624607026577
cats_vs_dogs_resnet18_pl_ideal_42,291,0,0,0.9785469174385071,0.021453050896525383
cats_vs_dogs_resnet18_pl_ideal_42,292,0,0,0.8145054578781128,0.1854945868253708
cats_vs_dogs_resnet18_pl_ideal_42,293,0,0,0.9727640151977539,0.02723604626953602
cats_vs_dogs_resnet18_pl_ideal_42,294,0,0,0.9825604557991028,0.017439592629671097
cats_vs_dogs_resnet18_pl_ideal_42,295,0,0,0.9812256693840027,0.018774334341287613
cats_vs_dogs_resnet18_pl_ideal_42,296,0,0,0.9368352890014648,0.06316465884447098
cats_vs_dogs_resnet18_pl_ideal_42,297,0,0,0.9713863730430603,0.02861369401216507
cats_vs_dogs_resnet18_pl_ideal_42,298,0,0,0.9697507619857788,0.03024926595389843
cats_vs_dogs_resnet18_pl_ideal_42,299,0,0,0.9795111417770386,0.02048880234360695
cats_vs_dogs_resnet18_pl_ideal_42,300,1,1,0.02335517853498459,0.97664475440979
cats_vs_dogs_resnet18_pl_ideal_42,301,1,1,0.04266491159796715,0.9573351144790649
cats_vs_dogs_resnet18_pl_ideal_42,302,1,1,0.0322084054350853,0.9677916765213013
cats_vs_dogs_resnet18_pl_ideal_42,303,1,1,0.022580213844776154,0.9774198532104492
cats_vs_dogs_resnet18_pl_ideal_42,304,1,1,0.0299253948032856,0.9700746536254883
cats_vs_dogs_resnet18_pl_ideal_42,305,1,1,0.03832877427339554,0.9616712331771851
cats_vs_dogs_resnet18_pl_ideal_42,306,1,1,0.03105749562382698,0.9689424633979797
cats_vs_dogs_resnet18_pl_ideal_42,307,1,1,0.038400717079639435,0.9615993499755859
cats_vs_dogs_resnet18_pl_ideal_42,308,1,1,0.024661697447299957,0.975338339805603
cats_vs_dogs_resnet18_pl_ideal_42,309,1,1,0.06871261447668076,0.9312873482704163
cats_vs_dogs_resnet18_pl_ideal_42,310,1,1,0.05208134651184082,0.9479186534881592
cats_vs_dogs_resnet18_pl_ideal_42,311,1,1,0.12092135846614838,0.8790786266326904
cats_vs_dogs_resnet18_pl_ideal_42,312,1,0,0.7026972770690918,0.2973027229309082
cats_vs_dogs_resnet18_pl_ideal_42,313,1,1,0.033631015568971634,0.9663690328598022
cats_vs_dogs_resnet18_pl_ideal_42,314,1,1,0.022664938122034073,0.9773350954055786
cats_vs_dogs_resnet18_pl_ideal_42,315,1,1,0.021462569013237953,0.9785374402999878
cats_vs_dogs_resnet18_pl_ideal_42,316,1,1,0.02962561696767807,0.9703744053840637
cats_vs_dogs_resnet18_pl_ideal_42,317,1,1,0.037604860961437225,0.9623950719833374
cats_vs_dogs_resnet18_pl_ideal_42,318,1,1,0.024841122329235077,0.9751588702201843
cats_vs_dogs_resnet18_pl_ideal_42,319,1,1,0.09957058727741241,0.900429368019104
cats_vs_dogs_resnet18_pl_ideal_42,320,1,1,0.028905853629112244,0.9710940718650818
cats_vs_dogs_resnet18_pl_ideal_42,321,1,1,0.036919016391038895,0.9630810022354126
cats_vs_dogs_resnet18_pl_ideal_42,322,1,1,0.024672087281942368,0.9753279089927673
cats_vs_dogs_resnet18_pl_ideal_42,323,1,1,0.03463985398411751,0.965360164642334
cats_vs_dogs_resnet18_pl_ideal_42,324,1,1,0.0981968343257904,0.9018031358718872
cats_vs_dogs_resnet18_pl_ideal_42,325,1,0,0.6645068526268005,0.33549320697784424
cats_vs_dogs_resnet18_pl_ideal_42,326,1,1,0.03458189591765404,0.9654181599617004
cats_vs_dogs_resnet18_pl_ideal_42,327,1,1,0.03262772411108017,0.9673722386360168
cats_vs_dogs_resnet18_pl_ideal_42,328,1,1,0.030652286484837532,0.9693477153778076
cats_vs_dogs_resnet18_pl_ideal_42,329,1,1,0.024418918415904045,0.9755810499191284
cats_vs_dogs_resnet18_pl_ideal_42,330,1,1,0.14126133918762207,0.8587386012077332
cats_vs_dogs_resnet18_pl_ideal_42,331,1,1,0.3421419560909271,0.6578580737113953
cats_vs_dogs_resnet18_pl_ideal_42,332,1,1,0.023250041529536247,0.9767499566078186
cats_vs_dogs_resnet18_pl_ideal_42,333,1,1,0.12693843245506287,0.8730615973472595
cats_vs_dogs_resnet18_pl_ideal_42,334,1,1,0.030642349272966385,0.9693576693534851
cats_vs_dogs_resnet18_pl_ideal_42,335,1,1,0.03333137556910515,0.9666686058044434
cats_vs_dogs_resnet18_pl_ideal_42,336,1,1,0.048761796206235886,0.9512381553649902
cats_vs_dogs_resnet18_pl_ideal_42,337,1,1,0.022137373685836792,0.9778625965118408
cats_vs_dogs_resnet18_pl_ideal_42,338,1,1,0.01933318004012108,0.9806667566299438
cats_vs_dogs_resnet18_pl_ideal_42,339,1,1,0.027231477200984955,0.9727684855461121
cats_vs_dogs_resnet18_pl_ideal_42,340,1,1,0.025339413434267044,0.9746605753898621
cats_vs_dogs_resnet18_pl_ideal_42,341,1,1,0.10741861164569855,0.8925813436508179
cats_vs_dogs_resnet18_pl_ideal_42,342,1,1,0.02461622655391693,0.9753838181495667
cats_vs_dogs_resnet18_pl_ideal_42,343,1,1,0.02655346319079399,0.9734464883804321
cats_vs_dogs_resnet18_pl_ideal_42,344,1,1,0.10399560630321503,0.8960043787956238
cats_vs_dogs_resnet18_pl_ideal_42,345,1,1,0.03108219802379608,0.9689177870750427
cats_vs_dogs_resnet18_pl_ideal_42,346,1,1,0.021701110526919365,0.9782989025115967
cats_vs_dogs_resnet18_pl_ideal_42,347,1,1,0.03692622855305672,0.9630738496780396
cats_vs_dogs_resnet18_pl_ideal_42,348,1,1,0.054829347878694534,0.9451706409454346
cats_vs_dogs_resnet18_pl_ideal_42,349,1,1,0.12307456135749817,0.8769254088401794
cats_vs_dogs_resnet18_pl_ideal_42,350,1,1,0.021942883729934692,0.9780570864677429
cats_vs_dogs_resnet18_pl_ideal_42,351,1,1,0.023593440651893616,0.9764066338539124
cats_vs_dogs_resnet18_pl_ideal_42,352,1,1,0.01870592124760151,0.9812940359115601
cats_vs_dogs_resnet18_pl_ideal_42,353,1,1,0.030000990256667137,0.9699990153312683
cats_vs_dogs_resnet18_pl_ideal_42,354,1,1,0.019731048494577408,0.9802688956260681
cats_vs_dogs_resnet18_pl_ideal_42,355,1,1,0.033452123403549194,0.9665478467941284
cats_vs_dogs_resnet18_pl_ideal_42,356,1,1,0.028280602768063545,0.9717194437980652
cats_vs_dogs_resnet18_pl_ideal_42,357,1,1,0.02558700181543827,0.9744129180908203
cats_vs_dogs_resnet18_pl_ideal_42,358,1,1,0.021021194756031036,0.9789788126945496
cats_vs_dogs_resnet18_pl_ideal_42,359,1,1,0.033605173230171204,0.96639484167099
cats_vs_dogs_resnet18_pl_ideal_42,360,1,0,0.8675734996795654,0.13242651522159576
cats_vs_dogs_resnet18_pl_ideal_42,361,1,1,0.02213508076965809,0.9778648614883423
cats_vs_dogs_resnet18_pl_ideal_42,362,1,1,0.14571265876293182,0.854287326335907
cats_vs_dogs_resnet18_pl_ideal_42,363,1,1,0.054598648101091385,0.9454013705253601
cats_vs_dogs_resnet18_pl_ideal_42,364,1,1,0.07153893262147903,0.9284610748291016
cats_vs_dogs_resnet18_pl_ideal_42,365,1,1,0.02555832639336586,0.9744417071342468
cats_vs_dogs_resnet18_pl_ideal_42,366,1,1,0.03369421511888504,0.9663057923316956
cats_vs_dogs_resnet18_pl_ideal_42,367,1,1,0.03083530068397522,0.9691647291183472
cats_vs_dogs_resnet18_pl_ideal_42,368,1,1,0.02370292879641056,0.9762970805168152
cats_vs_dogs_resnet18_pl_ideal_42,369,1,1,0.0345732718706131,0.9654266834259033
cats_vs_dogs_resnet18_pl_ideal_42,370,1,1,0.025731416419148445,0.9742685556411743
cats_vs_dogs_resnet18_pl_ideal_42,371,1,1,0.03247106075286865,0.9675288796424866
cats_vs_dogs_resnet18_pl_ideal_42,372,1,1,0.036280278116464615,0.9637197256088257
cats_vs_dogs_resnet18_pl_ideal_42,373,1,1,0.07410093396902084,0.9258990287780762
cats_vs_dogs_resnet18_pl_ideal_42,374,1,1,0.028219325467944145,0.9717806577682495
cats_vs_dogs_resnet18_pl_ideal_42,375,1,0,0.5484593510627747,0.45154058933258057
cats_vs_dogs_resnet18_pl_ideal_42,376,1,1,0.040906377136707306,0.9590936303138733
cats_vs_dogs_resnet18_pl_ideal_42,377,1,1,0.027675306424498558,0.9723247289657593
cats_vs_dogs_resnet18_pl_ideal_42,378,1,1,0.0389738455414772,0.961026132106781
cats_vs_dogs_resnet18_pl_ideal_42,379,1,1,0.03441138565540314,0.9655886292457581
cats_vs_dogs_resnet18_pl_ideal_42,380,1,1,0.04844027757644653,0.9515597224235535
cats_vs_dogs_resnet18_pl_ideal_42,381,1,1,0.021057091653347015,0.9789429306983948
cats_vs_dogs_resnet18_pl_ideal_42,382,1,1,0.04681536927819252,0.9531846046447754
cats_vs_dogs_resnet18_pl_ideal_42,383,1,0,0.8796442747116089,0.12035567313432693
cats_vs_dogs_resnet18_pl_ideal_42,384,1,1,0.040217362344264984,0.9597826600074768
cats_vs_dogs_resnet18_pl_ideal_42,385,1,1,0.02383975125849247,0.9761602878570557
cats_vs_dogs_resnet18_pl_ideal_42,386,1,1,0.031424593180418015,0.9685754179954529
cats_vs_dogs_resnet18_pl_ideal_42,387,1,1,0.020554406568408012,0.9794456362724304
cats_vs_dogs_resnet18_pl_ideal_42,388,1,1,0.06973321735858917,0.9302667379379272
cats_vs_dogs_resnet18_pl_ideal_42,389,1,1,0.11017195135354996,0.8898280262947083
cats_vs_dogs_resnet18_pl_ideal_42,390,1,1,0.021822622045874596,0.9781774282455444
cats_vs_dogs_resnet18_pl_ideal_42,391,1,1,0.03809630870819092,0.9619036912918091
cats_vs_dogs_resnet18_pl_ideal_42,392,1,1,0.2724500000476837,0.7275500297546387
cats_vs_dogs_resnet18_pl_ideal_42,393,1,1,0.025238441303372383,0.9747615456581116
cats_vs_dogs_resnet18_pl_ideal_42,394,1,1,0.03879418969154358,0.961205780506134
cats_vs_dogs_resnet18_pl_ideal_42,395,1,1,0.04004458338022232,0.9599554538726807
cats_vs_dogs_resnet18_pl_ideal_42,396,1,1,0.034012310206890106,0.9659876823425293
cats_vs_dogs_resnet18_pl_ideal_42,397,1,1,0.15082727372646332,0.8491727113723755
cats_vs_dogs_resnet18_pl_ideal_42,398,1,0,0.5952436327934265,0.4047563374042511
cats_vs_dogs_resnet18_pl_ideal_42,399,1,0,0.7481441497802734,0.2518558204174042
cats_vs_dogs_resnet18_pl_ideal_42,400,1,1,0.027239728718996048,0.9727602601051331
cats_vs_dogs_resnet18_pl_ideal_42,401,1,1,0.09580489248037338,0.9041951298713684
cats_vs_dogs_resnet18_pl_ideal_42,402,1,1,0.031398944556713104,0.9686010479927063
cats_vs_dogs_resnet18_pl_ideal_42,403,1,1,0.024851439520716667,0.9751485586166382
cats_vs_dogs_resnet18_pl_ideal_42,404,1,1,0.07579238712787628,0.9242075681686401
cats_vs_dogs_resnet18_pl_ideal_42,405,1,1,0.11065380275249481,0.8893462419509888
cats_vs_dogs_resnet18_pl_ideal_42,406,1,1,0.025541231036186218,0.9744588136672974
cats_vs_dogs_resnet18_pl_ideal_42,407,1,1,0.02355155721306801,0.9764484167098999
cats_vs_dogs_resnet18_pl_ideal_42,408,1,1,0.03306012600660324,0.9669399261474609
cats_vs_dogs_resnet18_pl_ideal_42,409,1,1,0.0275699682533741,0.9724299907684326
cats_vs_dogs_resnet18_pl_ideal_42,410,1,1,0.02435937710106373,0.9756406545639038
cats_vs_dogs_resnet18_pl_ideal_42,411,1,1,0.03239044174551964,0.9676095843315125
cats_vs_dogs_resnet18_pl_ideal_42,412,1,1,0.03618418425321579,0.9638158679008484
cats_vs_dogs_resnet18_pl_ideal_42,413,1,1,0.023284591734409332,0.9767153859138489
cats_vs_dogs_resnet18_pl_ideal_42,414,1,0,0.6912599205970764,0.30874010920524597
cats_vs_dogs_resnet18_pl_ideal_42,415,1,1,0.032100312411785126,0.9678996205329895
cats_vs_dogs_resnet18_pl_ideal_42,416,1,1,0.05094306543469429,0.9490569233894348
cats_vs_dogs_resnet18_pl_ideal_42,417,1,1,0.027773389592766762,0.9722265601158142
cats_vs_dogs_resnet18_pl_ideal_42,418,1,1,0.026449503377079964,0.97355055809021
cats_vs_dogs_resnet18_pl_ideal_42,419,1,1,0.03765643760561943,0.9623435139656067
cats_vs_dogs_resnet18_pl_ideal_42,420,1,1,0.33128196001052856,0.6687180399894714
cats_vs_dogs_resnet18_pl_ideal_42,421,1,0,0.6514458060264587,0.3485541343688965
cats_vs_dogs_resnet18_pl_ideal_42,422,1,1,0.024703972041606903,0.9752960205078125
cats_vs_dogs_resnet18_pl_ideal_42,423,1,1,0.039688002318143845,0.9603120684623718
cats_vs_dogs_resnet18_pl_ideal_42,424,1,1,0.03135723993182182,0.9686427712440491
cats_vs_dogs_resnet18_pl_ideal_42,425,1,1,0.046978291124105453,0.953021764755249
cats_vs_dogs_resnet18_pl_ideal_42,426,1,1,0.028118392452597618,0.9718816876411438
cats_vs_dogs_resnet18_pl_ideal_42,427,1,1,0.021417610347270966,0.9785823822021484
cats_vs_dogs_resnet18_pl_ideal_42,428,1,1,0.10816443711519241,0.8918355703353882
cats_vs_dogs_resnet18_pl_ideal_42,429,1,1,0.039183348417282104,0.9608166813850403
cats_vs_dogs_resnet18_pl_ideal_42,430,1,1,0.037979766726493835,0.9620202779769897
cats_vs_dogs_resnet18_pl_ideal_42,431,1,1,0.3984515964984894,0.6015483736991882
cats_vs_dogs_resnet18_pl_ideal_42,432,1,1,0.4239380359649658,0.5760619640350342
cats_vs_dogs_resnet18_pl_ideal_42,433,1,1,0.18239475786685944,0.817605197429657
cats_vs_dogs_resnet18_pl_ideal_42,434,1,1,0.02659619227051735,0.973403811454773
cats_vs_dogs_resnet18_pl_ideal_42,435,1,1,0.030426347628235817,0.9695736765861511
cats_vs_dogs_resnet18_pl_ideal_42,436,1,1,0.02306821383535862,0.9769317507743835
cats_vs_dogs_resnet18_pl_ideal_42,437,1,1,0.0799517035484314,0.9200482368469238
cats_vs_dogs_resnet18_pl_ideal_42,438,1,1,0.027431368827819824,0.972568690776825
cats_vs_dogs_resnet18_pl_ideal_42,439,1,1,0.02430286817252636,0.9756971597671509
cats_vs_dogs_resnet18_pl_ideal_42,440,1,1,0.026710664853453636,0.9732893705368042
cats_vs_dogs_resnet18_pl_ideal_42,441,1,1,0.2744449973106384,0.7255549430847168
cats_vs_dogs_resnet18_pl_ideal_42,442,1,1,0.023815853521227837,0.9761841297149658
cats_vs_dogs_resnet18_pl_ideal_42,443,1,1,0.03161448985338211,0.9683854579925537
cats_vs_dogs_resnet18_pl_ideal_42,444,1,1,0.029611650854349136,0.9703882932662964
cats_vs_dogs_resnet18_pl_ideal_42,445,1,1,0.05698107182979584,0.943018913269043
cats_vs_dogs_resnet18_pl_ideal_42,446,1,1,0.02413233555853367,0.9758676290512085
cats_vs_dogs_resnet18_pl_ideal_42,447,1,1,0.0766555666923523,0.9233444333076477
cats_vs_dogs_resnet18_pl_ideal_42,448,1,1,0.03014933504164219,0.9698506593704224
cats_vs_dogs_resnet18_pl_ideal_42,449,1,1,0.03125021234154701,0.9687498211860657
cats_vs_dogs_resnet18_pl_ideal_42,450,1,1,0.03642374649643898,0.9635762572288513
cats_vs_dogs_resnet18_pl_ideal_42,451,1,1,0.18208611011505127,0.8179138898849487
cats_vs_dogs_resnet18_pl_ideal_42,452,1,1,0.03562576696276665,0.9643741846084595
cats_vs_dogs_resnet18_pl_ideal_42,453,1,1,0.027415363118052483,0.9725846648216248
cats_vs_dogs_resnet18_pl_ideal_42,454,1,1,0.30539432168006897,0.6946057081222534
cats_vs_dogs_resnet18_pl_ideal_42,455,1,1,0.033680640161037445,0.9663193821907043
cats_vs_dogs_resnet18_pl_ideal_42,456,1,1,0.021932551637291908,0.9780674576759338
cats_vs_dogs_resnet18_pl_ideal_42,457,1,1,0.03874341398477554,0.9612565636634827
cats_vs_dogs_resnet18_pl_ideal_42,458,1,1,0.030747445300221443,0.9692525863647461
cats_vs_dogs_resnet18_pl_ideal_42,459,1,1,0.2693740427494049,0.7306259274482727
cats_vs_dogs_resnet18_pl_ideal_42,460,1,1,0.03229406848549843,0.9677059054374695
cats_vs_dogs_resnet18_pl_ideal_42,461,1,1,0.02697758376598358,0.9730224013328552
cats_vs_dogs_resnet18_pl_ideal_42,462,1,1,0.05213746055960655,0.9478625059127808
cats_vs_dogs_resnet18_pl_ideal_42,463,1,1,0.03167321905493736,0.96832674741745
cats_vs_dogs_resnet18_pl_ideal_42,464,1,1,0.019876057282090187,0.9801238775253296
cats_vs_dogs_resnet18_pl_ideal_42,465,1,1,0.023350169882178307,0.9766497611999512
cats_vs_dogs_resnet18_pl_ideal_42,466,1,1,0.024482635781168938,0.9755173325538635
cats_vs_dogs_resnet18_pl_ideal_42,467,1,1,0.037130728363990784,0.9628693461418152
cats_vs_dogs_resnet18_pl_ideal_42,468,1,1,0.11744360625743866,0.8825563192367554
cats_vs_dogs_resnet18_pl_ideal_42,469,1,1,0.02849130891263485,0.9715086221694946
cats_vs_dogs_resnet18_pl_ideal_42,470,1,1,0.029921820387244225,0.9700781106948853
cats_vs_dogs_resnet18_pl_ideal_42,471,1,1,0.021180538460612297,0.9788194298744202
cats_vs_dogs_resnet18_pl_ideal_42,472,1,1,0.031014038249850273,0.968985915184021
cats_vs_dogs_resnet18_pl_ideal_42,473,1,0,0.9349863529205322,0.06501365453004837
cats_vs_dogs_resnet18_pl_ideal_42,474,1,1,0.03002096526324749,0.9699791073799133
cats_vs_dogs_resnet18_pl_ideal_42,475,1,1,0.27143171429634094,0.7285682559013367
cats_vs_dogs_resnet18_pl_ideal_42,476,1,1,0.023875227198004723,0.9761247038841248
cats_vs_dogs_resnet18_pl_ideal_42,477,1,1,0.08467433601617813,0.9153256416320801
cats_vs_dogs_resnet18_pl_ideal_42,478,1,1,0.05406066030263901,0.9459393620491028
cats_vs_dogs_resnet18_pl_ideal_42,479,1,1,0.027680695056915283,0.9723193049430847
cats_vs_dogs_resnet18_pl_ideal_42,480,1,1,0.02882630191743374,0.9711737036705017
cats_vs_dogs_resnet18_pl_ideal_42,481,1,1,0.03806404024362564,0.9619359970092773
cats_vs_dogs_resnet18_pl_ideal_42,482,1,1,0.02567879483103752,0.974321186542511
cats_vs_dogs_resnet18_pl_ideal_42,483,1,1,0.04475231468677521,0.955247700214386
cats_vs_dogs_resnet18_pl_ideal_42,484,1,1,0.02289748378098011,0.977102518081665
cats_vs_dogs_resnet18_pl_ideal_42,485,1,1,0.02539999596774578,0.9745999574661255
cats_vs_dogs_resnet18_pl_ideal_42,486,1,1,0.03539706766605377,0.9646029472351074
cats_vs_dogs_resnet18_pl_ideal_42,487,1,1,0.03666733205318451,0.9633325934410095
cats_vs_dogs_resnet18_pl_ideal_42,488,1,1,0.0247008316218853,0.9752992391586304
cats_vs_dogs_resnet18_pl_ideal_42,489,1,1,0.06054936721920967,0.9394506216049194
cats_vs_dogs_resnet18_pl_ideal_42,490,1,1,0.018769895657896996,0.9812301397323608
cats_vs_dogs_resnet18_pl_ideal_42,491,1,1,0.06695637851953506,0.9330435991287231
cats_vs_dogs_resnet18_pl_ideal_42,492,1,1,0.27317291498184204,0.726827085018158
cats_vs_dogs_resnet18_pl_ideal_42,493,1,1,0.02960043027997017,0.9703994989395142
cats_vs_dogs_resnet18_pl_ideal_42,494,1,1,0.04427356272935867,0.9557264447212219
cats_vs_dogs_resnet18_pl_ideal_42,495,1,1,0.02272004447877407,0.9772800207138062
cats_vs_dogs_resnet18_pl_ideal_42,496,1,1,0.02312813140451908,0.976871907711029
cats_vs_dogs_resnet18_pl_ideal_42,497,1,0,0.5424822568893433,0.45751771330833435
cats_vs_dogs_resnet18_pl_ideal_42,498,1,1,0.048362113535404205,0.951637864112854
cats_vs_dogs_resnet18_pl_ideal_42,499,1,1,0.025603121146559715,0.9743968844413757
cats_vs_dogs_resnet18_pl_ideal_42,500,1,1,0.027895163744688034,0.9721049070358276
cats_vs_dogs_resnet18_pl_ideal_42,501,1,1,0.03407442197203636,0.9659256339073181
cats_vs_dogs_resnet18_pl_ideal_42,502,1,1,0.05231195688247681,0.947688102722168
cats_vs_dogs_resnet18_pl_ideal_42,503,1,1,0.06490924209356308,0.9350907802581787
cats_vs_dogs_resnet18_pl_ideal_42,504,1,1,0.04131235554814339,0.9586876630783081
cats_vs_dogs_resnet18_pl_ideal_42,505,1,1,0.023830192163586617,0.9761698246002197
cats_vs_dogs_resnet18_pl_ideal_42,506,1,1,0.1890709400177002,0.8109290599822998
cats_vs_dogs_resnet18_pl_ideal_42,507,1,1,0.020511357113718987,0.9794886112213135
cats_vs_dogs_resnet18_pl_ideal_42,508,1,1,0.01798691786825657,0.9820130467414856
cats_vs_dogs_resnet18_pl_ideal_42,509,1,1,0.01856870949268341,0.981431245803833
cats_vs_dogs_resnet18_pl_ideal_42,510,1,1,0.024224409833550453,0.9757755994796753
cats_vs_dogs_resnet18_pl_ideal_42,511,1,1,0.029926113784313202,0.9700738787651062
cats_vs_dogs_resnet18_pl_ideal_42,512,1,1,0.06093670800328255,0.9390632510185242
cats_vs_dogs_resnet18_pl_ideal_42,513,1,1,0.02684134803712368,0.9731586575508118
cats_vs_dogs_resnet18_pl_ideal_42,514,1,1,0.031057709828019142,0.9689422845840454
cats_vs_dogs_resnet18_pl_ideal_42,515,1,1,0.04622705280780792,0.9537729620933533
cats_vs_dogs_resnet18_pl_ideal_42,516,1,1,0.017341632395982742,0.9826583862304688
cats_vs_dogs_resnet18_pl_ideal_42,517,1,1,0.033045895397663116,0.9669540524482727
cats_vs_dogs_resnet18_pl_ideal_42,518,1,1,0.02867768332362175,0.9713223576545715
cats_vs_dogs_resnet18_pl_ideal_42,519,1,1,0.05779126286506653,0.9422087669372559
cats_vs_dogs_resnet18_pl_ideal_42,520,1,1,0.3806989789009094,0.6193010210990906
cats_vs_dogs_resnet18_pl_ideal_42,521,1,1,0.03487401083111763,0.9651260375976562
cats_vs_dogs_resnet18_pl_ideal_42,522,1,1,0.038857944309711456,0.9611421227455139
cats_vs_dogs_resnet18_pl_ideal_42,523,1,1,0.2686535120010376,0.7313464283943176
cats_vs_dogs_resnet18_pl_ideal_42,524,1,1,0.029877105727791786,0.9701228737831116
cats_vs_dogs_resnet18_pl_ideal_42,525,1,1,0.08520955592393875,0.9147903919219971
cats_vs_dogs_resnet18_pl_ideal_42,526,1,1,0.06713828444480896,0.9328617453575134
cats_vs_dogs_resnet18_pl_ideal_42,527,1,1,0.019163550809025764,0.9808365106582642
cats_vs_dogs_resnet18_pl_ideal_42,528,1,1,0.035504721105098724,0.9644953012466431
cats_vs_dogs_resnet18_pl_ideal_42,529,1,1,0.034560851752758026,0.9654391407966614
cats_vs_dogs_resnet18_pl_ideal_42,530,1,1,0.04370662942528725,0.9562933444976807
cats_vs_dogs_resnet18_pl_ideal_42,531,1,1,0.03206532448530197,0.9679347276687622
cats_vs_dogs_resnet18_pl_ideal_42,532,1,1,0.160819873213768,0.8391801118850708
cats_vs_dogs_resnet18_pl_ideal_42,533,1,1,0.14846940338611603,0.8515305519104004
cats_vs_dogs_resnet18_pl_ideal_42,534,1,1,0.06562896817922592,0.9343709945678711
cats_vs_dogs_resnet18_pl_ideal_42,535,1,1,0.03239422291517258,0.9676057696342468
cats_vs_dogs_resnet18_pl_ideal_42,536,1,1,0.027494987472891808,0.9725049734115601
cats_vs_dogs_resnet18_pl_ideal_42,537,1,1,0.02446691319346428,0.9755330681800842
cats_vs_dogs_resnet18_pl_ideal_42,538,1,1,0.031459420919418335,0.9685405492782593
cats_vs_dogs_resnet18_pl_ideal_42,539,1,1,0.022733891382813454,0.9772661328315735
cats_vs_dogs_resnet18_pl_ideal_42,540,1,1,0.047001395374536514,0.9529985785484314
cats_vs_dogs_resnet18_pl_ideal_42,541,1,1,0.029395731166005135,0.9706043004989624
cats_vs_dogs_resnet18_pl_ideal_42,542,1,1,0.02526268921792507,0.9747373461723328
cats_vs_dogs_resnet18_pl_ideal_42,543,1,1,0.045275792479515076,0.9547241926193237
cats_vs_dogs_resnet18_pl_ideal_42,544,1,1,0.023692090064287186,0.9763078689575195
cats_vs_dogs_resnet18_pl_ideal_42,545,1,0,0.5581597089767456,0.441840261220932
cats_vs_dogs_resnet18_pl_ideal_42,546,1,1,0.04268022999167442,0.9573197364807129
cats_vs_dogs_resnet18_pl_ideal_42,547,1,1,0.03725694492459297,0.9627429842948914
cats_vs_dogs_resnet18_pl_ideal_42,548,1,1,0.04125869274139404,0.9587413668632507
cats_vs_dogs_resnet18_pl_ideal_42,549,1,1,0.03243646398186684,0.9675635099411011
cats_vs_dogs_resnet18_pl_ideal_42,550,1,1,0.04495920240879059,0.9550407528877258
cats_vs_dogs_resnet18_pl_ideal_42,551,1,1,0.026670332998037338,0.9733297228813171
cats_vs_dogs_resnet18_pl_ideal_42,552,1,1,0.025458645075559616,0.9745413064956665
cats_vs_dogs_resnet18_pl_ideal_42,553,1,1,0.0260581374168396,0.9739418625831604
cats_vs_dogs_resnet18_pl_ideal_42,554,1,1,0.1106630191206932,0.8893370032310486
cats_vs_dogs_resnet18_pl_ideal_42,555,1,0,0.5524119734764099,0.44758808612823486
cats_vs_dogs_resnet18_pl_ideal_42,556,1,1,0.021473847329616547,0.9785261154174805
cats_vs_dogs_resnet18_pl_ideal_42,557,1,1,0.030149023979902267,0.969851016998291
cats_vs_dogs_resnet18_pl_ideal_42,558,1,1,0.05992363393306732,0.9400763511657715
cats_vs_dogs_resnet18_pl_ideal_42,559,1,1,0.03273196890950203,0.9672680497169495
cats_vs_dogs_resnet18_pl_ideal_42,560,1,1,0.024142634123563766,0.9758573174476624
cats_vs_dogs_resnet18_pl_ideal_42,561,1,1,0.03422778844833374,0.965772271156311
cats_vs_dogs_resnet18_pl_ideal_42,562,1,1,0.09930601716041565,0.900693953037262
cats_vs_dogs_resnet18_pl_ideal_42,563,1,1,0.05530203506350517,0.9446979761123657
cats_vs_dogs_resnet18_pl_ideal_42,564,1,1,0.035320378839969635,0.9646795988082886
cats_vs_dogs_resnet18_pl_ideal_42,565,1,1,0.023783786222338676,0.976216197013855
cats_vs_dogs_resnet18_pl_ideal_42,566,1,1,0.08188476413488388,0.9181152582168579
cats_vs_dogs_resnet18_pl_ideal_42,567,1,0,0.6273946762084961,0.3726053237915039
cats_vs_dogs_resnet18_pl_ideal_42,568,1,1,0.022045191377401352,0.9779548048973083
cats_vs_dogs_resnet18_pl_ideal_42,569,1,1,0.05648467317223549,0.9435153603553772
cats_vs_dogs_resnet18_pl_ideal_42,570,1,1,0.021498525515198708,0.9785014986991882
cats_vs_dogs_resnet18_pl_ideal_42,571,1,1,0.019808586686849594,0.9801913499832153
cats_vs_dogs_resnet18_pl_ideal_42,572,1,1,0.03809630870819092,0.9619036912918091
cats_vs_dogs_resnet18_pl_ideal_42,573,1,1,0.018435988575220108,0.9815639853477478
cats_vs_dogs_resnet18_pl_ideal_42,574,1,1,0.2723475694656372,0.7276524305343628
cats_vs_dogs_resnet18_pl_ideal_42,575,1,1,0.19537000358104706,0.8046299815177917
cats_vs_dogs_resnet18_pl_ideal_42,576,1,1,0.1826554238796234,0.817344605922699
cats_vs_dogs_resnet18_pl_ideal_42,577,1,1,0.02114621177315712,0.9788538217544556
cats_vs_dogs_resnet18_pl_ideal_42,578,1,1,0.032141879200935364,0.967858076095581
cats_vs_dogs_resnet18_pl_ideal_42,579,1,1,0.030920814722776413,0.9690791368484497
cats_vs_dogs_resnet18_pl_ideal_42,580,1,1,0.029649265110492706,0.9703506827354431
cats_vs_dogs_resnet18_pl_ideal_42,581,1,1,0.0418018214404583,0.9581981301307678
cats_vs_dogs_resnet18_pl_ideal_42,582,1,1,0.02472837083041668,0.9752716422080994
cats_vs_dogs_resnet18_pl_ideal_42,583,1,1,0.0762731209397316,0.9237269163131714
cats_vs_dogs_resnet18_pl_ideal_42,584,1,1,0.0621638186275959,0.9378361701965332
cats_vs_dogs_resnet18_pl_ideal_42,585,1,1,0.02725057303905487,0.9727494716644287
cats_vs_dogs_resnet18_pl_ideal_42,586,1,1,0.035897448658943176,0.964102566242218
cats_vs_dogs_resnet18_pl_ideal_42,587,1,1,0.03145333006978035,0.9685466885566711
cats_vs_dogs_resnet18_pl_ideal_42,588,1,1,0.050533730536699295,0.9494662880897522
cats_vs_dogs_resnet18_pl_ideal_42,589,1,1,0.028344500809907913,0.9716554880142212
cats_vs_dogs_resnet18_pl_ideal_42,590,1,1,0.03339714556932449,0.9666028618812561
cats_vs_dogs_resnet18_pl_ideal_42,591,1,1,0.20186464488506317,0.7981352806091309
cats_vs_dogs_resnet18_pl_ideal_42,592,1,1,0.48783671855926514,0.5121632218360901
cats_vs_dogs_resnet18_pl_ideal_42,593,1,1,0.023655736818909645,0.9763442277908325
cats_vs_dogs_resnet18_pl_ideal_42,594,1,1,0.03154692053794861,0.9684531092643738
cats_vs_dogs_resnet18_pl_ideal_42,595,1,1,0.05136151611804962,0.9486384987831116
cats_vs_dogs_resnet18_pl_ideal_42,596,1,1,0.08993259817361832,0.9100673794746399
cats_vs_dogs_resnet18_pl_ideal_42,597,1,1,0.02517685294151306,0.9748231768608093
cats_vs_dogs_resnet18_pl_ideal_42,598,1,1,0.48222798109054565,0.5177719593048096
cats_vs_dogs_resnet18_pl_ideal_42,599,1,1,0.02592460811138153,0.974075436592102
